weighting,portfolio,model,start_month,end_month,nobs,alpha_monthly,alpha_hac_se,alpha_hac_t,alpha_hac_pvalue,beta_mkt,beta_smb,beta_hml,adjusted_r_squared
value_weighted,SMALL LoBM,capm,196307,202606,756,-0.0052184965,0.0019225704,-2.7143331683,0.0066409340,1.4162807972,,,0.6288053669
value_weighted,SMALL LoBM,ff3,196307,202606,756,-0.0046527390,0.0009571731,-4.8609171702,0.0000011684,1.1052225238,1.3998518095,-0.2616486017,0.9025922996
value_weighted,ME1 BM2,capm,196307,202606,756,0.0005948337,0.0016042147,0.3707943292,0.7107907254,1.2188231410,,,0.6166312735
value_weighted,ME1 BM2,ff3,196307,202606,756,0.0001250593,0.0007849214,0.1593271182,0.8734111564,0.9599226001,1.3306061246,0.0148987671,0.9232947868
value_weighted,ME1 BM3,capm,196307,202606,756,0.0013743024,0.0014274320,0.9627795766,0.3356581521,1.1107118885,,,0.6634367527
value_weighted,ME1 BM3,ff3,196307,202606,756,-0.0000792109,0.0005506548,-0.1438486371,0.8856199954,0.9357301112,1.0991531003,0.2910622401,0.9422855357
value_weighted,ME1 BM4,capm,196307,202606,756,0.0034708171,0.0015088476,2.3003099034,0.0214306690,1.0337567784,,,0.6245458475
value_weighted,ME1 BM4,ff3,196307,202606,756,0.0012978462,0.0005404829,2.4012713314,0.0163382169,0.8872890405,1.0882730644,0.4801772851,0.9496815527
value_weighted,SMALL HiBM,capm,196307,202606,756,0.0047304014,0.0017198999,2.7503934995,0.0059523737,1.0641786707,,,0.5745644900
value_weighted,SMALL HiBM,ff3,196307,202606,756,0.0017342413,0.0006266825,2.7673364994,0.0056516386,0.9451534620,1.1008061277,0.6945311884,0.9081287851
value_weighted,ME2 BM1,capm,196307,202606,756,-0.0026581697,0.0014187976,-1.8735369003,0.0609942822,1.3784300469,,,0.7343321567
value_weighted,ME2 BM1,ff3,196307,202606,756,-0.0016826854,0.0006966507,-2.4153930890,0.0157182361,1.1256341044,1.0469350634,-0.3401984466,0.9398463398
value_weighted,ME2 BM2,capm,196307,202606,756,0.0010258509,0.0011873345,0.8639948488,0.3875907203,1.1828251214,,,0.7501366838
value_weighted,ME2 BM2,ff3,196307,202606,756,0.0003200250,0.0005443835,0.5878668385,0.5566216766,1.0151650416,0.9323298817,0.1089860054,0.9437486273
value_weighted,ME2 BM3,capm,196307,202606,756,0.0024510639,0.0012168271,2.0143075366,0.0439772552,1.0811681393,,,0.7452320399
value_weighted,ME2 BM3,ff3,196307,202606,756,0.0007792759,0.0006415062,1.2147598335,0.2244577045,0.9833219466,0.7657386236,0.3752335423,0.9265715885
value_weighted,ME2 BM4,capm,196307,202606,756,0.0029144626,0.0012253108,2.3785496349,0.0173808968,1.0154307039,,,0.7107065898
value_weighted,ME2 BM4,ff3,196307,202606,756,0.0005021927,0.0004779336,1.0507583216,0.2933696024,0.9491269915,0.7439592943,0.5707339257,0.9447495409
value_weighted,ME2 BM5,capm,196307,202606,756,0.0031990307,0.0015177246,2.1077806883,0.0350499640,1.1400677700,,,0.6679209186
value_weighted,ME2 BM5,ff3,196307,202606,756,-0.0001329301,0.0004996184,-0.2660632864,0.7901904694,1.0755800452,0.8969949085,0.7989306441,0.9539455368
value_weighted,ME3 BM1,capm,196307,202606,756,-0.0021966358,0.0011014847,-1.9942500003,0.0461247404,1.3058022148,,,0.7932700089
value_weighted,ME3 BM1,ff3,196307,202606,756,-0.0010424939,0.0005735880,-1.8174959497,0.0691412079,1.1070727280,0.7548924530,-0.3632348767,0.9388410194
value_weighted,ME3 BM2,capm,196307,202606,756,0.0012448982,0.0009796798,1.2707194209,0.2038284839,1.1158760391,,,0.8159839632
value_weighted,ME3 BM2,ff3,196307,202606,756,0.0004796687,0.0005706321,0.8405918791,0.4005766097,1.0183296268,0.6048146926,0.1511129702,0.9181383371
value_weighted,ME3 BM3,capm,196307,202606,756,0.0014388794,0.0010202715,1.4102907103,0.1584538604,1.0141446878,,,0.7917288935
value_weighted,ME3 BM3,ff3,196307,202606,756,-0.0003013543,0.0006282037,-0.4797079042,0.6314351067,0.9844218289,0.4494079935,0.4188183162,0.9035405951
value_weighted,ME3 BM4,capm,196307,202606,756,0.0027183171,0.0011447253,2.3746458774,0.0175657936,0.9962125158,,,0.7450737091
value_weighted,ME3 BM4,ff3,196307,202606,756,0.0001990388,0.0005751475,0.3460657341,0.7292933144,0.9953375274,0.4474011803,0.6228028856,0.9164091480
value_weighted,ME3 BM5,capm,196307,202606,756,0.0034381823,0.0015710270,2.1884933797,0.0286336830,1.0832439913,,,0.6699553206
value_weighted,ME3 BM5,ff3,196307,202606,756,0.0000098928,0.0007401554,0.0133658309,0.9893359274,1.0878251465,0.5810115996,0.8497822607,0.9052694478
value_weighted,ME4 BM1,capm,196307,202606,756,-0.0006907514,0.0009665890,-0.7146278387,0.4748390381,1.1919068787,,,0.8448837894
value_weighted,ME4 BM1,ff3,196307,202606,756,0.0005656329,0.0006742537,0.8389022173,0.4015241834,1.0605966123,0.4119289036,-0.3621454328,0.9260886513
value_weighted,ME4 BM2,capm,196307,202606,756,0.0001581605,0.0008547020,0.1850475203,0.8531917633,1.0749649229,,,0.8697393180
value_weighted,ME4 BM2,ff3,196307,202606,756,-0.0006281051,0.0006787770,-0.9253482939,0.3547847654,1.0548557642,0.2352485132,0.1866152189,0.8956666969
value_weighted,ME4 BM3,capm,196307,202606,756,0.0014288998,0.0010117207,1.4123461510,0.1578480637,1.0104865135,,,0.8150659770
value_weighted,ME4 BM3,ff3,196307,202606,756,-0.0002826628,0.0006240044,-0.4529821050,0.6505616274,1.0372653253,0.1720121976,0.4338339824,0.8840908135
value_weighted,ME4 BM4,capm,196307,202606,756,0.0027625549,0.0010603045,2.6054355002,0.0091757548,0.9842169713,,,0.7585114743
value_weighted,ME4 BM4,ff3,196307,202606,756,0.0004966750,0.0006208063,0.8000482761,0.4236828273,1.0167293430,0.2418887690,0.5731881236,0.8787143273
value_weighted,ME4 BM5,capm,196307,202606,756,0.0022105832,0.0014916764,1.4819455307,0.1383547888,1.0763895052,,,0.6830550476
value_weighted,ME4 BM5,ff3,196307,202606,756,-0.0011287583,0.0007029385,-1.6057711742,0.1083241964,1.1350220927,0.3048228318,0.8489296776,0.8749431334
value_weighted,BIG LoBM,capm,196307,202606,756,0.0001977415,0.0006977044,0.2834173450,0.7768569339,0.9908081026,,,0.8831086760
value_weighted,BIG LoBM,ff3,196307,202606,756,0.0016334981,0.0004327630,3.7745788348,0.0001602782,0.9867062504,-0.2328018293,-0.3567403136,0.9466031122
value_weighted,ME5 BM2,capm,196307,202606,756,0.0002954599,0.0006119748,0.4827975534,0.6292394882,0.9234170582,,,0.8731546286
value_weighted,ME5 BM2,ff3,196307,202606,756,0.0000239013,0.0005486100,0.0435670684,0.9652495024,0.9714894057,-0.1839489096,0.0859795294,0.8916859596
value_weighted,ME5 BM3,capm,196307,202606,756,0.0009148626,0.0007921817,1.1548646798,0.2481458452,0.8599691438,,,0.7810434695
value_weighted,ME5 BM3,ff3,196307,202606,756,-0.0002021406,0.0006504175,-0.3107858884,0.7559633982,0.9440388109,-0.2087369722,0.3091855449,0.8473862214
value_weighted,ME5 BM4,capm,196307,202606,756,0.0002089502,0.0012715501,0.1643271394,0.8694736179,0.8844415794,,,0.6970082332
value_weighted,ME5 BM4,ff3,196307,202606,756,-0.0022887102,0.0007271018,-3.1477163494,0.0016455128,1.0162852392,-0.1961386128,0.6693846284,0.8883152684
value_weighted,BIG HiBM,capm,196307,202606,756,0.0019448813,0.0015330993,1.2685944735,0.2045857364,1.0024213506,,,0.6072282981
value_weighted,BIG HiBM,ff3,196307,202606,756,-0.0011940531,0.0011097694,-1.0759470429,0.2819509412,1.1403318928,-0.1125715941,0.8303779827,0.7903522550
equal_weighted,SMALL LoBM,capm,196307,202606,756,-0.0046299723,0.0022787374,-2.0318147834,0.0421724100,1.3621134025,,,0.5357863418
equal_weighted,SMALL LoBM,ff3,196307,202606,756,-0.0043478915,0.0013384059,-3.2485596811,0.0011599087,1.0584264335,1.4142238072,-0.1885967929,0.7866132027
equal_weighted,ME1 BM2,capm,196307,202606,756,0.0005067389,0.0019140457,0.2647475178,0.7912039692,1.2124631047,,,0.5560851902
equal_weighted,ME1 BM2,ff3,196307,202606,756,-0.0002287703,0.0010282888,-0.2224767037,0.8239428066,0.9648598377,1.3228976728,0.0850487260,0.8307871323
equal_weighted,ME1 BM3,capm,196307,202606,756,0.0023656245,0.0016870677,1.4022107690,0.1608523168,1.1281763190,,,0.5918975722
equal_weighted,ME1 BM3,ff3,196307,202606,756,0.0009215794,0.0009365544,0.9840104710,0.3251103645,0.9443857820,1.1399479002,0.2852736719,0.8497679299
equal_weighted,ME1 BM4,capm,196307,202606,756,0.0042404897,0.0016247794,2.6098864408,0.0090572283,1.0367311331,,,0.5826342765
equal_weighted,ME1 BM4,ff3,196307,202606,756,0.0022011262,0.0006930578,3.1759632922,0.0014933985,0.8836974411,1.0964187971,0.4445603317,0.8818702820
equal_weighted,SMALL HiBM,capm,196307,202606,756,0.0068842505,0.0018582714,3.7046528218,0.0002116805,1.0178836748,,,0.5121280506
equal_weighted,SMALL HiBM,ff3,196307,202606,756,0.0043696669,0.0009669400,4.5190672935,0.0000062113,0.8756035711,1.1281830489,0.5663139085,0.8200477903
equal_weighted,ME2 BM1,capm,196307,202606,756,-0.0035064261,0.0014774463,-2.3733018889,0.0176298478,1.4335843573,,,0.7250459744
equal_weighted,ME2 BM1,ff3,196307,202606,756,-0.0026470875,0.0008218194,-3.2210087973,0.0012774023,1.1819778978,1.0616334391,-0.3110043276,0.9136604603
equal_weighted,ME2 BM2,capm,196307,202606,756,0.0007239945,0.0012021167,0.6022663891,0.5469968301,1.2341867351,,,0.7565275757
equal_weighted,ME2 BM2,ff3,196307,202606,756,-0.0001109695,0.0006013315,-0.1845396212,0.8535901477,1.0736765152,0.9205833472,0.1437259324,0.9320932774
equal_weighted,ME2 BM3,capm,196307,202606,756,0.0026479113,0.0012292803,2.1540338550,0.0312375170,1.1212688317,,,0.7412071827
equal_weighted,ME2 BM3,ff3,196307,202606,756,0.0008175253,0.0006653474,1.2287193722,0.2191770404,1.0240860308,0.7904409855,0.4147224533,0.9244775218
equal_weighted,ME2 BM4,capm,196307,202606,756,0.0028733637,0.0012779060,2.2484938971,0.0245447138,1.0414766665,,,0.7041376746
equal_weighted,ME2 BM4,ff3,196307,202606,756,0.0002351084,0.0004887705,0.4810200160,0.6305022729,0.9842061156,0.7401718566,0.6301659888,0.9407515565
equal_weighted,ME2 BM5,capm,196307,202606,756,0.0029495060,0.0015880729,1.8572862994,0.0632704326,1.1941330754,,,0.6543303107
equal_weighted,ME2 BM5,ff3,196307,202606,756,-0.0007147864,0.0006130506,-1.1659501051,0.2436346191,1.1470747215,0.8714437494,0.8879527116,0.9283528300
equal_weighted,ME3 BM1,capm,196307,202606,756,-0.0026173362,0.0011299982,-2.3162304756,0.0205456881,1.3634769193,,,0.7857988667
equal_weighted,ME3 BM1,ff3,196307,202606,756,-0.0016521793,0.0006457825,-2.5584144827,0.0105150679,1.1713898124,0.7561201642,-0.3138903569,0.9112317044
equal_weighted,ME3 BM2,capm,196307,202606,756,0.0012132665,0.0010381527,1.1686782891,0.2425332724,1.1459378078,,,0.8153139587
equal_weighted,ME3 BM2,ff3,196307,202606,756,0.0003094998,0.0006357517,0.4868250358,0.6263823268,1.0551287496,0.5967099947,0.1880163648,0.9119332293
equal_weighted,ME3 BM3,capm,196307,202606,756,0.0013464318,0.0010397290,1.2949833429,0.1953259757,1.0552839244,,,0.7917258141
equal_weighted,ME3 BM3,ff3,196307,202606,756,-0.0004949498,0.0006232421,-0.7941533807,0.4271061446,1.0223758511,0.4825551466,0.4425910491,0.9090734831
equal_weighted,ME3 BM4,capm,196307,202606,756,0.0027209161,0.0011936058,2.2795766972,0.0226328063,1.0251550993,,,0.7341847156
equal_weighted,ME3 BM4,ff3,196307,202606,756,0.0000633251,0.0006075727,0.1042264536,0.9169896414,1.0221558623,0.4819721042,0.6561834479,0.9137816986
equal_weighted,ME3 BM5,capm,196307,202606,756,0.0036334224,0.0016049193,2.2639283706,0.0235785207,1.1412566432,,,0.6639143295
equal_weighted,ME3 BM5,ff3,196307,202606,756,0.0000123227,0.0007460915,0.0165163863,0.9868224295,1.1482773546,0.6031708943,0.8984285207,0.8961968563
equal_weighted,ME4 BM1,capm,196307,202606,756,-0.0012101126,0.0009827478,-1.2313562904,0.2181896372,1.2258974350,,,0.8472917836
equal_weighted,ME4 BM1,ff3,196307,202606,756,-0.0001380447,0.0006996394,-0.1973082983,0.8435862859,1.1072149651,0.3834841404,-0.3116137673,0.9095930450
equal_weighted,ME4 BM2,capm,196307,202606,756,0.0000769580,0.0008951138,0.0859756700,0.9314857581,1.0994706619,,,0.8586840146
equal_weighted,ME4 BM2,ff3,196307,202606,756,-0.0008970617,0.0007045338,-1.2732699988,0.2029222489,1.0876892113,0.2281360016,0.2363147135,0.8879647920
equal_weighted,ME4 BM3,capm,196307,202606,756,0.0012767384,0.0010170691,1.2553113262,0.2093657651,1.0373449533,,,0.8099864419
equal_weighted,ME4 BM3,ff3,196307,202606,756,-0.0005132098,0.0006574634,-0.7805906909,0.4350432687,1.0627246245,0.1925457392,0.4526752556,0.8820736591
equal_weighted,ME4 BM4,capm,196307,202606,756,0.0027294599,0.0010930052,2.4972067395,0.0125175954,1.0178756772,,,0.7542633458
equal_weighted,ME4 BM4,ff3,196307,202606,756,0.0003719393,0.0006594535,0.5640114311,0.5727463526,1.0539038647,0.2410627962,0.5972311355,0.8742690867
equal_weighted,ME4 BM5,capm,196307,202606,756,0.0023044078,0.0015511499,1.4856125367,0.1373816371,1.1296355655,,,0.6652679157
equal_weighted,ME4 BM5,ff3,196307,202606,756,-0.0012076122,0.0008744413,-1.3810100682,0.1672758650,1.1853440360,0.3492948488,0.8904976864,0.8552813867
equal_weighted,BIG LoBM,capm,196307,202606,756,-0.0010314868,0.0005902111,-1.7476575118,0.0805233502,1.0942701572,,,0.9110899075
equal_weighted,BIG LoBM,ff3,196307,202606,756,0.0000847928,0.0004443389,0.1908291018,0.8486594877,1.0695637438,-0.0772813588,-0.2857794492,0.9379599704
equal_weighted,ME5 BM2,capm,196307,202606,756,0.0004065544,0.0006883817,0.5905944877,0.5547921591,0.9822569014,,,0.8818670218
equal_weighted,ME5 BM2,ff3,196307,202606,756,-0.0002267140,0.0006054885,-0.3744314931,0.7080833161,1.0177449865,-0.0596587957,0.1705248357,0.8948493927
equal_weighted,ME5 BM3,capm,196307,202606,756,0.0010330536,0.0008398472,1.2300493735,0.2186786165,0.9340454639,,,0.8233592788
equal_weighted,ME5 BM3,ff3,196307,202606,756,-0.0003738936,0.0006339502,-0.5897838440,0.5553355754,1.0060005374,-0.0993355977,0.3761632906,0.8859537311
equal_weighted,ME5 BM4,capm,196307,202606,756,0.0008791315,0.0011758083,0.7476826895,0.4546515749,0.9192141285,,,0.7166264595
equal_weighted,ME5 BM4,ff3,196307,202606,756,-0.0015915483,0.0006741185,-2.3609326179,0.0182290425,1.0250375826,-0.0754610992,0.6525300132,0.8741731499
equal_weighted,BIG HiBM,capm,196307,202606,756,0.0021328834,0.0013961768,1.5276599115,0.1265969983,1.0131567989,,,0.6473072586
equal_weighted,BIG HiBM,ff3,196307,202606,756,-0.0008818995,0.0009385238,-0.9396666859,0.3473885584,1.1302979067,-0.0342980930,0.7915425636,0.8156907184
